"Status","Start Time","Stop Time","Duration in ms","Parent Suite","Suite","Sub Suite","Test Class","Test Method","Name","Description"
"passed","Fri Oct 31 20:53:32 GMT 2025","Fri Oct 31 20:53:32 GMT 2025","16","","com.distributedMessenger.unit.services.MessageServiceUnitTest","","com.distributedMessenger.unit.services.MessageServiceUnitTest","deleteMessage should return false when deletion fails","deleteMessage should return false when deletion fails",""
"passed","Fri Oct 31 20:53:12 GMT 2025","Fri Oct 31 20:53:12 GMT 2025","43","","com.distributedMessenger.unit.repositories.FileRepositoryUnitTest","","com.distributedMessenger.unit.repositories.FileRepositoryUnitTest","getFile with a non-existent id should return null","getFile with a non-existent id should return null",""
"passed","Fri Oct 31 20:56:16 GMT 2025","Fri Oct 31 20:56:22 GMT 2025","6538","","com.distributedMessenger.e2e.UserLifecycleE2ETest","","com.distributedMessenger.e2e.UserLifecycleE2ETest","userFullLifecycleScenarioCRUD","userFullLifecycleScenarioCRUD",""
"passed","Fri Oct 31 20:53:31 GMT 2025","Fri Oct 31 20:53:31 GMT 2025","25","","com.distributedMessenger.unit.services.ChatServiceUnitTest","","com.distributedMessenger.unit.services.ChatServiceUnitTest","joinChatNetwork should delegate call to p2pTransport","joinChatNetwork should delegate call to p2pTransport",""
"passed","Fri Oct 31 20:53:11 GMT 2025","Fri Oct 31 20:53:11 GMT 2025","59","","com.distributedMessenger.integration.repositories.UserRepositoryIntegrationTest","","com.distributedMessenger.integration.repositories.UserRepositoryIntegrationTest","findByUsername should return null for non-existent username","findByUsername should return null for non-existent username",""
"passed","Fri Oct 31 20:53:11 GMT 2025","Fri Oct 31 20:53:11 GMT 2025","123","","com.distributedMessenger.unit.repositories.MessageRepositoryUnitTest","","com.distributedMessenger.unit.repositories.MessageRepositoryUnitTest","getMessagesAfter should return only messages after the given timestamp","getMessagesAfter should return only messages after the given timestamp",""
"passed","Fri Oct 31 20:53:31 GMT 2025","Fri Oct 31 20:53:31 GMT 2025","302","","com.distributedMessenger.unit.services.ChatServiceUnitTest","","com.distributedMessenger.unit.services.ChatServiceUnitTest","getChat should return null when chat does not exist","getChat should return null when chat does not exist",""
"passed","Fri Oct 31 20:53:37 GMT 2025","Fri Oct 31 20:53:37 GMT 2025","10","","com.distributedMessenger.unit.services.FileServiceUnitTest","","com.distributedMessenger.unit.services.FileServiceUnitTest","getUserFiles should return an empty list when user has no files","getUserFiles should return an empty list when user has no files",""
"passed","Fri Oct 31 20:53:12 GMT 2025","Fri Oct 31 20:53:12 GMT 2025","43","","com.distributedMessenger.unit.repositories.UserRepositoryUnitTest","","com.distributedMessenger.unit.repositories.UserRepositoryUnitTest","deleteUser should remove the user from database","deleteUser should remove the user from database",""
"passed","Fri Oct 31 20:53:34 GMT 2025","Fri Oct 31 20:53:34 GMT 2025","28","","com.distributedMessenger.integration.services.UserServiceIntegrationTest","","com.distributedMessenger.integration.services.UserServiceIntegrationTest","login should return UserNotFound for non-existent user","login should return UserNotFound for non-existent user",""
"passed","Fri Oct 31 20:53:11 GMT 2025","Fri Oct 31 20:53:11 GMT 2025","72","","com.distributedMessenger.integration.repositories.UserRepositoryIntegrationTest","","com.distributedMessenger.integration.repositories.UserRepositoryIntegrationTest","addUser should correctly save a user and allow retrieval","addUser should correctly save a user and allow retrieval",""
"passed","Fri Oct 31 20:56:29 GMT 2025","Fri Oct 31 20:56:31 GMT 2025","1587","","com.distributedMessenger.e2e.bdd.AuthenticationBehaviorSpec","","com.distributedMessenger.e2e.bdd.AuthenticationBehaviorSpec","Then: вход должен быть успешным","Then: вход должен быть успешным",""
"passed","Fri Oct 31 20:53:29 GMT 2025","Fri Oct 31 20:53:30 GMT 2025","47","","com.distributedMessenger.unit.services.AppSettingsServiceUnitTest","","com.distributedMessenger.unit.services.AppSettingsServiceUnitTest","updateSetting should propagate exception from repository","updateSetting should propagate exception from repository",""
"passed","Fri Oct 31 20:53:30 GMT 2025","Fri Oct 31 20:53:30 GMT 2025","11","","com.distributedMessenger.unit.services.AppSettingsServiceUnitTest","","com.distributedMessenger.unit.services.AppSettingsServiceUnitTest","updateSetting should return true on successful update","updateSetting should return true on successful update",""
"passed","Fri Oct 31 20:53:11 GMT 2025","Fri Oct 31 20:53:11 GMT 2025","166","","com.distributedMessenger.unit.repositories.MessageRepositoryUnitTest","","com.distributedMessenger.unit.repositories.MessageRepositoryUnitTest","addMessage should save a message and allow retrieval","addMessage should save a message and allow retrieval",""
"passed","Fri Oct 31 20:53:37 GMT 2025","Fri Oct 31 20:53:37 GMT 2025","12","","com.distributedMessenger.unit.services.UserServiceUnitTest","","com.distributedMessenger.unit.services.UserServiceUnitTest","updateUserRole should return true for existing user","updateUserRole should return true for existing user",""
"passed","Fri Oct 31 20:53:32 GMT 2025","Fri Oct 31 20:53:32 GMT 2025","58","","com.distributedMessenger.unit.services.BlockServiceUnitTest","","com.distributedMessenger.unit.services.BlockServiceUnitTest","getUserBlocks should return user's blocks","getUserBlocks should return user's blocks",""
"passed","Fri Oct 31 21:13:33 GMT 2025","Fri Oct 31 21:13:33 GMT 2025","44","","com.distributedMessenger.generatorreport.GeneratorReport","","com.distributedMessenger.generatorreport.GeneratorReport","noLoggingReport","noLoggingReport",""
"passed","Fri Oct 31 20:56:45 GMT 2025","Fri Oct 31 20:56:50 GMT 2025","5856","","com.distributedMessenger.e2e.bdd.AuthenticationBehaviorSpec","","com.distributedMessenger.e2e.bdd.AuthenticationBehaviorSpec","And: он НЕ может войти со старым паролем","And: он НЕ может войти со старым паролем",""
"passed","Fri Oct 31 20:53:03 GMT 2025","Fri Oct 31 20:53:11 GMT 2025","7856","","com.distributedMessenger.unit.repositories.ChatRepositoryUnitTest","","com.distributedMessenger.unit.repositories.ChatRepositoryUnitTest","getChatsByUser should return all chats for a specific user","getChatsByUser should return all chats for a specific user",""
"passed","Fri Oct 31 20:53:11 GMT 2025","Fri Oct 31 20:53:11 GMT 2025","78","","com.distributedMessenger.integration.repositories.UserRepositoryIntegrationTest","","com.distributedMessenger.integration.repositories.UserRepositoryIntegrationTest","updateUser for non-existent user should return false","updateUser for non-existent user should return false",""
"passed","Fri Oct 31 20:53:36 GMT 2025","Fri Oct 31 20:53:36 GMT 2025","8","","com.distributedMessenger.unit.services.UserServiceUnitTest","","com.distributedMessenger.unit.services.UserServiceUnitTest","updateUserRole should return false for non-existent user","updateUserRole should return false for non-existent user",""
"passed","Fri Oct 31 20:53:31 GMT 2025","Fri Oct 31 20:53:31 GMT 2025","27","","com.distributedMessenger.unit.services.BlockServiceUnitTest","","com.distributedMessenger.unit.services.BlockServiceUnitTest","blockUser without reason should work","blockUser without reason should work",""
"passed","Fri Oct 31 20:53:35 GMT 2025","Fri Oct 31 20:53:35 GMT 2025","38","","com.distributedMessenger.unit.services.UserServiceUnitTest","","com.distributedMessenger.unit.services.UserServiceUnitTest","updateUser should return false when user not found","updateUser should return false when user not found",""
"passed","Fri Oct 31 20:53:33 GMT 2025","Fri Oct 31 20:53:33 GMT 2025","65","","com.distributedMessenger.integration.services.UserServiceIntegrationTest","","com.distributedMessenger.integration.services.UserServiceIntegrationTest","findByUserName should return null for non-existent user","findByUserName should return null for non-existent user",""
"passed","Fri Oct 31 20:53:30 GMT 2025","Fri Oct 31 20:53:30 GMT 2025","34","","com.distributedMessenger.unit.services.AppSettingsServiceUnitTest","","com.distributedMessenger.unit.services.AppSettingsServiceUnitTest","getSetting should return value when setting exists","getSetting should return value when setting exists",""
"passed","Fri Oct 31 20:53:35 GMT 2025","Fri Oct 31 20:53:35 GMT 2025","7","","com.distributedMessenger.unit.services.UserServiceUnitTest","","com.distributedMessenger.unit.services.UserServiceUnitTest","login should return UserNotFound for non-existent username","login should return UserNotFound for non-existent username",""
"passed","Fri Oct 31 20:53:32 GMT 2025","Fri Oct 31 20:53:32 GMT 2025","41","","com.distributedMessenger.unit.services.MessageServiceUnitTest","","com.distributedMessenger.unit.services.MessageServiceUnitTest","editMessage should update message, add history record and return true on success","editMessage should update message, add history record and return true on success",""
"passed","Fri Oct 31 20:53:31 GMT 2025","Fri Oct 31 20:53:32 GMT 2025","679","","com.distributedMessenger.unit.services.MessageServiceUnitTest","","com.distributedMessenger.unit.services.MessageServiceUnitTest","editMessage should return false when message to edit is not found","editMessage should return false when message to edit is not found",""
"passed","Fri Oct 31 20:53:12 GMT 2025","Fri Oct 31 20:53:12 GMT 2025","43","","com.distributedMessenger.unit.repositories.UserRepositoryUnitTest","","com.distributedMessenger.unit.repositories.UserRepositoryUnitTest","updateUser should correctly change user data","updateUser should correctly change user data",""
"passed","Fri Oct 31 21:13:33 GMT 2025","Fri Oct 31 21:13:33 GMT 2025","75","","com.distributedMessenger.generatorreport.GeneratorReport","","com.distributedMessenger.generatorreport.GeneratorReport","fullLoggingReport","fullLoggingReport",""
"passed","Fri Oct 31 20:53:37 GMT 2025","Fri Oct 31 20:53:37 GMT 2025","128","","com.distributedMessenger.unit.services.FileServiceUnitTest","","com.distributedMessenger.unit.services.FileServiceUnitTest","uploadFile should propagate exception when repository throws","uploadFile should propagate exception when repository throws",""
"passed","Fri Oct 31 20:53:22 GMT 2025","Fri Oct 31 20:53:32 GMT 2025","10054","","com.distributedMessenger.integration.services.UserServiceIntegrationTest","","com.distributedMessenger.integration.services.UserServiceIntegrationTest","findByUserName should return user for existing username","findByUserName should return user for existing username",""
"passed","Fri Oct 31 20:53:34 GMT 2025","Fri Oct 31 20:53:34 GMT 2025","53","","com.distributedMessenger.integration.services.UserServiceIntegrationTest","","com.distributedMessenger.integration.services.UserServiceIntegrationTest","getAllUsers should return all users from database","getAllUsers should return all users from database",""
"passed","Fri Oct 31 20:53:11 GMT 2025","Fri Oct 31 20:53:11 GMT 2025","77","","com.distributedMessenger.unit.repositories.ChatRepositoryUnitTest","","com.distributedMessenger.unit.repositories.ChatRepositoryUnitTest","getChat for non-existent id should return null","getChat for non-existent id should return null",""
"passed","Fri Oct 31 20:53:33 GMT 2025","Fri Oct 31 20:53:33 GMT 2025","254","","com.distributedMessenger.integration.services.UserServiceIntegrationTest","","com.distributedMessenger.integration.services.UserServiceIntegrationTest","register should create a user in the database","register should create a user in the database",""
"passed","Fri Oct 31 20:53:12 GMT 2025","Fri Oct 31 20:53:12 GMT 2025","98","","com.distributedMessenger.integration.repositories.UserRepositoryIntegrationTest","","com.distributedMessenger.integration.repositories.UserRepositoryIntegrationTest","deleteUser should remove the user from database","deleteUser should remove the user from database",""
"passed","Fri Oct 31 20:53:32 GMT 2025","Fri Oct 31 20:53:32 GMT 2025","129","","com.distributedMessenger.unit.services.MessageServiceUnitTest","","com.distributedMessenger.unit.services.MessageServiceUnitTest","sendMessage should propagate exception when repository fails","sendMessage should propagate exception when repository fails",""
"passed","Fri Oct 31 20:53:03 GMT 2025","Fri Oct 31 20:53:11 GMT 2025","7585","","com.distributedMessenger.unit.repositories.BlockRepositoryUnitTest","","com.distributedMessenger.unit.repositories.BlockRepositoryUnitTest","addBlock should save a block record","addBlock should save a block record",""
"passed","Fri Oct 31 20:53:37 GMT 2025","Fri Oct 31 20:53:37 GMT 2025","17","","com.distributedMessenger.unit.services.FileServiceUnitTest","","com.distributedMessenger.unit.services.FileServiceUnitTest","uploadFile should call repository and return new file id on success","uploadFile should call repository and return new file id on success",""
"passed","Fri Oct 31 20:53:34 GMT 2025","Fri Oct 31 20:53:34 GMT 2025","38","","com.distributedMessenger.integration.services.UserServiceIntegrationTest","","com.distributedMessenger.integration.services.UserServiceIntegrationTest","updateUser should return false for non-existent user","updateUser should return false for non-existent user",""
"passed","Fri Oct 31 20:53:34 GMT 2025","Fri Oct 31 20:53:34 GMT 2025","41","","com.distributedMessenger.integration.services.UserServiceIntegrationTest","","com.distributedMessenger.integration.services.UserServiceIntegrationTest","getUser should return null for non-existent id","getUser should return null for non-existent id",""
"passed","Fri Oct 31 20:53:12 GMT 2025","Fri Oct 31 20:53:12 GMT 2025","53","","com.distributedMessenger.unit.repositories.UserRepositoryUnitTest","","com.distributedMessenger.unit.repositories.UserRepositoryUnitTest","updateUser for non-existent user should return false","updateUser for non-existent user should return false",""
"passed","Fri Oct 31 21:13:33 GMT 2025","Fri Oct 31 21:13:33 GMT 2025","47","","com.distributedMessenger.generatorreport.GeneratorReport","","com.distributedMessenger.generatorreport.GeneratorReport","standardLoggingReport","standardLoggingReport",""
"passed","Fri Oct 31 20:53:31 GMT 2025","Fri Oct 31 20:53:31 GMT 2025","230","","com.distributedMessenger.unit.services.ChatServiceUnitTest","","com.distributedMessenger.unit.services.ChatServiceUnitTest","createChat should call repository and return new chat id","createChat should call repository and return new chat id",""
"passed","Fri Oct 31 20:53:11 GMT 2025","Fri Oct 31 20:53:11 GMT 2025","58","","com.distributedMessenger.integration.repositories.UserRepositoryIntegrationTest","","com.distributedMessenger.integration.repositories.UserRepositoryIntegrationTest","updateUser should correctly change user data","updateUser should correctly change user data",""
"passed","Fri Oct 31 20:53:31 GMT 2025","Fri Oct 31 20:53:31 GMT 2025","36","","com.distributedMessenger.unit.services.ChatServiceUnitTest","","com.distributedMessenger.unit.services.ChatServiceUnitTest","updateChat should return false when chat not found","updateChat should return false when chat not found",""
"passed","Fri Oct 31 20:53:36 GMT 2025","Fri Oct 31 20:53:36 GMT 2025","11","","com.distributedMessenger.unit.services.UserServiceUnitTest","","com.distributedMessenger.unit.services.UserServiceUnitTest","updateUser should return true when user exists and is updated","updateUser should return true when user exists and is updated",""
"passed","Fri Oct 31 20:53:34 GMT 2025","Fri Oct 31 20:53:34 GMT 2025","32","","com.distributedMessenger.integration.services.UserServiceIntegrationTest","","com.distributedMessenger.integration.services.UserServiceIntegrationTest","getUser should return user for existing id","getUser should return user for existing id",""
"passed","Fri Oct 31 20:53:36 GMT 2025","Fri Oct 31 20:53:36 GMT 2025","8","","com.distributedMessenger.unit.services.UserServiceUnitTest","","com.distributedMessenger.unit.services.UserServiceUnitTest","getUser should return null when user does not exist","getUser should return null when user does not exist",""
"passed","Fri Oct 31 20:53:20 GMT 2025","Fri Oct 31 20:53:30 GMT 2025","10216","","com.distributedMessenger.unit.services.ChatServiceUnitTest","","com.distributedMessenger.unit.services.ChatServiceUnitTest","leaveChatNetwork should delegate call to p2pTransport","leaveChatNetwork should delegate call to p2pTransport",""
"passed","Fri Oct 31 20:53:32 GMT 2025","Fri Oct 31 20:53:32 GMT 2025","17","","com.distributedMessenger.unit.services.MessageServiceUnitTest","","com.distributedMessenger.unit.services.MessageServiceUnitTest","deleteMessage should return true when deletion is successful","deleteMessage should return true when deletion is successful",""
"passed","Fri Oct 31 20:53:34 GMT 2025","Fri Oct 31 20:53:34 GMT 2025","55","","com.distributedMessenger.integration.services.UserServiceIntegrationTest","","com.distributedMessenger.integration.services.UserServiceIntegrationTest","updateUser should change username in the database","updateUser should change username in the database",""
"passed","Fri Oct 31 20:53:37 GMT 2025","Fri Oct 31 20:53:37 GMT 2025","9","","com.distributedMessenger.unit.services.FileServiceUnitTest","","com.distributedMessenger.unit.services.FileServiceUnitTest","getFile should return file when file exists","getFile should return file when file exists",""
"passed","Fri Oct 31 20:53:32 GMT 2025","Fri Oct 31 20:53:32 GMT 2025","48","","com.distributedMessenger.unit.services.MessageServiceUnitTest","","com.distributedMessenger.unit.services.MessageServiceUnitTest","getMessage should return message when it exists","getMessage should return message when it exists",""
"passed","Fri Oct 31 20:53:36 GMT 2025","Fri Oct 31 20:53:36 GMT 2025","5","","com.distributedMessenger.unit.services.UserServiceUnitTest","","com.distributedMessenger.unit.services.UserServiceUnitTest","deleteUser should return false when repository fails","deleteUser should return false when repository fails",""
"passed","Fri Oct 31 20:56:52 GMT 2025","Fri Oct 31 20:56:58 GMT 2025","5644","","com.distributedMessenger.e2e.bdd.AuthenticationBehaviorSpec","","com.distributedMessenger.e2e.bdd.AuthenticationBehaviorSpec","Then: последняя попытка должна вернуть результат блокировки","Then: последняя попытка должна вернуть результат блокировки",""
"passed","Fri Oct 31 20:53:11 GMT 2025","Fri Oct 31 20:53:11 GMT 2025","60","","com.distributedMessenger.integration.repositories.UserRepositoryIntegrationTest","","com.distributedMessenger.integration.repositories.UserRepositoryIntegrationTest","getAllUsers should return an empty list when no users exist","getAllUsers should return an empty list when no users exist",""
"passed","Fri Oct 31 20:57:09 GMT 2025","Fri Oct 31 20:57:14 GMT 2025","4819","","com.distributedMessenger.e2e.bdd.AuthenticationBehaviorSpec","","com.distributedMessenger.e2e.bdd.AuthenticationBehaviorSpec","And: пользователь может снова успешно войти","And: пользователь может снова успешно войти",""
"passed","Fri Oct 31 20:53:12 GMT 2025","Fri Oct 31 20:53:12 GMT 2025","64","","com.distributedMessenger.integration.repositories.UserRepositoryIntegrationTest","","com.distributedMessenger.integration.repositories.UserRepositoryIntegrationTest","deleteUser for non-existent user should return false","deleteUser for non-existent user should return false",""
"passed","Fri Oct 31 20:53:12 GMT 2025","Fri Oct 31 20:53:12 GMT 2025","74","","com.distributedMessenger.unit.repositories.UserRepositoryUnitTest","","com.distributedMessenger.unit.repositories.UserRepositoryUnitTest","getAllUsers should return all added users","getAllUsers should return all added users",""
"passed","Fri Oct 31 20:53:11 GMT 2025","Fri Oct 31 20:53:11 GMT 2025","124","","com.distributedMessenger.unit.repositories.AppSettingsRepositoryUnitTest","","com.distributedMessenger.unit.repositories.AppSettingsRepositoryUnitTest","initializeDefaultSettings should populate db only if it is empty","initializeDefaultSettings should populate db only if it is empty",""
"passed","Fri Oct 31 20:53:36 GMT 2025","Fri Oct 31 20:53:36 GMT 2025","7","","com.distributedMessenger.unit.services.UserServiceUnitTest","","com.distributedMessenger.unit.services.UserServiceUnitTest","getUser should return user when user exists","getUser should return user when user exists",""
"passed","Fri Oct 31 20:53:35 GMT 2025","Fri Oct 31 20:53:35 GMT 2025","10","","com.distributedMessenger.unit.services.UserServiceUnitTest","","com.distributedMessenger.unit.services.UserServiceUnitTest","getAllUsers should return an empty list when no users exist","getAllUsers should return an empty list when no users exist",""
"passed","Fri Oct 31 20:53:11 GMT 2025","Fri Oct 31 20:53:12 GMT 2025","95","","com.distributedMessenger.unit.repositories.UserRepositoryUnitTest","","com.distributedMessenger.unit.repositories.UserRepositoryUnitTest","addUser should correctly save a user and allow retrieval","addUser should correctly save a user and allow retrieval",""
"passed","Fri Oct 31 20:53:30 GMT 2025","Fri Oct 31 20:53:30 GMT 2025","17","","com.distributedMessenger.unit.services.AppSettingsServiceUnitTest","","com.distributedMessenger.unit.services.AppSettingsServiceUnitTest","getSetting should return null when setting does not exist","getSetting should return null when setting does not exist",""
"passed","Fri Oct 31 20:53:35 GMT 2025","Fri Oct 31 20:53:36 GMT 2025","649","","com.distributedMessenger.unit.services.UserServiceUnitTest","","com.distributedMessenger.unit.services.UserServiceUnitTest","register should propagate exception from repository","register should propagate exception from repository",""
"passed","Fri Oct 31 20:53:32 GMT 2025","Fri Oct 31 20:53:32 GMT 2025","25","","com.distributedMessenger.unit.services.BlockServiceUnitTest","","com.distributedMessenger.unit.services.BlockServiceUnitTest","unblockUser should return false when repository fails","unblockUser should return false when repository fails",""
"passed","Fri Oct 31 20:53:11 GMT 2025","Fri Oct 31 20:53:11 GMT 2025","146","","com.distributedMessenger.unit.repositories.AppSettingsRepositoryUnitTest","","com.distributedMessenger.unit.repositories.AppSettingsRepositoryUnitTest","updateSetting with valid value should succeed","updateSetting with valid value should succeed",""
"passed","Fri Oct 31 20:53:20 GMT 2025","Fri Oct 31 20:53:30 GMT 2025","10776","","com.distributedMessenger.unit.services.BlockServiceUnitTest","","com.distributedMessenger.unit.services.BlockServiceUnitTest","blockUser should return block id on success","blockUser should return block id on success",""
"passed","Fri Oct 31 20:53:30 GMT 2025","Fri Oct 31 20:53:31 GMT 2025","1453","","com.distributedMessenger.unit.services.MessageServiceUnitTest","","com.distributedMessenger.unit.services.MessageServiceUnitTest","getMessageHistory should return empty list when no history exists","getMessageHistory should return empty list when no history exists",""
"passed","Fri Oct 31 20:53:11 GMT 2025","Fri Oct 31 20:53:11 GMT 2025","79","","com.distributedMessenger.integration.repositories.UserRepositoryIntegrationTest","","com.distributedMessenger.integration.repositories.UserRepositoryIntegrationTest","findByUsername should return correct user when exists","findByUsername should return correct user when exists",""
"passed","Fri Oct 31 20:53:31 GMT 2025","Fri Oct 31 20:53:31 GMT 2025","103","","com.distributedMessenger.unit.services.ChatServiceUnitTest","","com.distributedMessenger.unit.services.ChatServiceUnitTest","updateChat should return true when successful","updateChat should return true when successful",""
"passed","Fri Oct 31 20:53:32 GMT 2025","Fri Oct 31 20:53:32 GMT 2025","39","","com.distributedMessenger.unit.services.MessageServiceUnitTest","","com.distributedMessenger.unit.services.MessageServiceUnitTest","getMessageHistory should return list of history records","getMessageHistory should return list of history records",""
"passed","Fri Oct 31 20:53:34 GMT 2025","Fri Oct 31 20:53:36 GMT 2025","2385","","com.distributedMessenger.unit.services.FileServiceUnitTest","","com.distributedMessenger.unit.services.FileServiceUnitTest","deleteFile should return false on failed deletion","deleteFile should return false on failed deletion",""
"passed","Fri Oct 31 20:53:37 GMT 2025","Fri Oct 31 20:53:37 GMT 2025","90","","com.distributedMessenger.unit.services.FileServiceUnitTest","","com.distributedMessenger.unit.services.FileServiceUnitTest","getFile should return null when file does not exist","getFile should return null when file does not exist",""
"passed","Fri Oct 31 20:53:32 GMT 2025","Fri Oct 31 20:53:32 GMT 2025","132","","com.distributedMessenger.unit.services.BlockServiceUnitTest","","com.distributedMessenger.unit.services.BlockServiceUnitTest","getBlock should return null when block does not exist","getBlock should return null when block does not exist",""
"passed","Fri Oct 31 20:53:12 GMT 2025","Fri Oct 31 20:53:12 GMT 2025","65","","com.distributedMessenger.unit.repositories.FileRepositoryUnitTest","","com.distributedMessenger.unit.repositories.FileRepositoryUnitTest","getFilesByUser should return files only for the specified user","getFilesByUser should return files only for the specified user",""
"passed","Fri Oct 31 20:53:32 GMT 2025","Fri Oct 31 20:53:32 GMT 2025","31","","com.distributedMessenger.unit.services.MessageServiceUnitTest","","com.distributedMessenger.unit.services.MessageServiceUnitTest","sendMessage should save message, send it to network and return id","sendMessage should save message, send it to network and return id",""
"passed","Fri Oct 31 20:57:05 GMT 2025","Fri Oct 31 20:57:09 GMT 2025","4412","","com.distributedMessenger.e2e.bdd.AuthenticationBehaviorSpec","","com.distributedMessenger.e2e.bdd.AuthenticationBehaviorSpec","Then: операция разблокировки должна быть успешной","Then: операция разблокировки должна быть успешной",""
"passed","Fri Oct 31 20:53:11 GMT 2025","Fri Oct 31 20:53:11 GMT 2025","182","","com.distributedMessenger.unit.repositories.MessageHistoryRepositoryUnitTest","","com.distributedMessenger.unit.repositories.MessageHistoryRepositoryUnitTest","addMessageHistory should save a history entry","addMessageHistory should save a history entry",""
"passed","Fri Oct 31 20:53:12 GMT 2025","Fri Oct 31 20:53:12 GMT 2025","41","","com.distributedMessenger.unit.repositories.UserRepositoryUnitTest","","com.distributedMessenger.unit.repositories.UserRepositoryUnitTest","findByUsername should return null for non-existent username","findByUsername should return null for non-existent username",""
"passed","Fri Oct 31 20:53:32 GMT 2025","Fri Oct 31 20:53:32 GMT 2025","10","","com.distributedMessenger.unit.services.MessageServiceUnitTest","","com.distributedMessenger.unit.services.MessageServiceUnitTest","getChatMessages should return empty list when no messages in chat","getChatMessages should return empty list when no messages in chat",""
"passed","Fri Oct 31 21:13:33 GMT 2025","Fri Oct 31 21:13:33 GMT 2025","87","","com.distributedMessenger.generatorreport.GeneratorReport","","com.distributedMessenger.generatorreport.GeneratorReport","tracingReport","tracingReport",""
"passed","Fri Oct 31 20:53:11 GMT 2025","Fri Oct 31 20:53:11 GMT 2025","110","","com.distributedMessenger.unit.repositories.UserRepositoryUnitTest","","com.distributedMessenger.unit.repositories.UserRepositoryUnitTest","getUser should retrieve an existing user","getUser should retrieve an existing user",""
"passed","Fri Oct 31 20:53:35 GMT 2025","Fri Oct 31 20:53:35 GMT 2025","9","","com.distributedMessenger.unit.services.UserServiceUnitTest","","com.distributedMessenger.unit.services.UserServiceUnitTest","getAllUsers should return a list of users","getAllUsers should return a list of users",""
"passed","Fri Oct 31 20:53:34 GMT 2025","Fri Oct 31 20:53:34 GMT 2025","31","","com.distributedMessenger.integration.services.UserServiceIntegrationTest","","com.distributedMessenger.integration.services.UserServiceIntegrationTest","getAllUsers should return empty list when database is empty","getAllUsers should return empty list when database is empty",""
"passed","Fri Oct 31 20:53:33 GMT 2025","Fri Oct 31 20:53:34 GMT 2025","35","","com.distributedMessenger.integration.services.UserServiceIntegrationTest","","com.distributedMessenger.integration.services.UserServiceIntegrationTest","updateUserRole should return false for non-existent user","updateUserRole should return false for non-existent user",""
"passed","Fri Oct 31 20:53:11 GMT 2025","Fri Oct 31 20:53:11 GMT 2025","114","","com.distributedMessenger.unit.repositories.BlockRepositoryUnitTest","","com.distributedMessenger.unit.repositories.BlockRepositoryUnitTest","deleteBlocksByUserId should remove the specific block","deleteBlocksByUserId should remove the specific block",""
"passed","Fri Oct 31 20:53:31 GMT 2025","Fri Oct 31 20:53:32 GMT 2025","794","","com.distributedMessenger.unit.services.BlockServiceUnitTest","","com.distributedMessenger.unit.services.BlockServiceUnitTest","getUserBlocks should return empty list when user has no blocks","getUserBlocks should return empty list when user has no blocks",""
"passed","Fri Oct 31 20:53:12 GMT 2025","Fri Oct 31 20:53:12 GMT 2025","64","","com.distributedMessenger.unit.repositories.UserRepositoryUnitTest","","com.distributedMessenger.unit.repositories.UserRepositoryUnitTest","getAllUsers should return an empty list when no users exist","getAllUsers should return an empty list when no users exist",""
"passed","Fri Oct 31 20:53:12 GMT 2025","Fri Oct 31 20:53:12 GMT 2025","27","","com.distributedMessenger.unit.repositories.UserRepositoryUnitTest","","com.distributedMessenger.unit.repositories.UserRepositoryUnitTest","deleteUser for non-existent user should return false","deleteUser for non-existent user should return false",""
"passed","Fri Oct 31 20:53:32 GMT 2025","Fri Oct 31 20:53:32 GMT 2025","198","","com.distributedMessenger.unit.services.UserServiceUnitTest","","com.distributedMessenger.unit.services.UserServiceUnitTest","deleteUser should return true when repository succeeds","deleteUser should return true when repository succeeds",""
"passed","Fri Oct 31 20:53:32 GMT 2025","Fri Oct 31 20:53:32 GMT 2025","15","","com.distributedMessenger.unit.services.MessageServiceUnitTest","","com.distributedMessenger.unit.services.MessageServiceUnitTest","getChatMessages should return list of messages for a chat","getChatMessages should return list of messages for a chat",""
"passed","Fri Oct 31 20:53:33 GMT 2025","Fri Oct 31 20:53:33 GMT 2025","50","","com.distributedMessenger.integration.services.UserServiceIntegrationTest","","com.distributedMessenger.integration.services.UserServiceIntegrationTest","deleteUser should return false for non-existent user","deleteUser should return false for non-existent user",""
"passed","Fri Oct 31 20:53:32 GMT 2025","Fri Oct 31 20:53:32 GMT 2025","11","","com.distributedMessenger.unit.services.MessageServiceUnitTest","","com.distributedMessenger.unit.services.MessageServiceUnitTest","getMessage should return null when it does not exist","getMessage should return null when it does not exist",""
"passed","Fri Oct 31 20:56:58 GMT 2025","Fri Oct 31 20:57:03 GMT 2025","5545","","com.distributedMessenger.e2e.bdd.AuthenticationBehaviorSpec","","com.distributedMessenger.e2e.bdd.AuthenticationBehaviorSpec","And: аккаунт пользователя 'locker' в базе данных должен быть заблокирован","And: аккаунт пользователя 'locker' в базе данных должен быть заблокирован",""
"passed","Fri Oct 31 20:53:03 GMT 2025","Fri Oct 31 20:53:11 GMT 2025","7853","","com.distributedMessenger.integration.repositories.UserRepositoryIntegrationTest","","com.distributedMessenger.integration.repositories.UserRepositoryIntegrationTest","getUser should retrieve an existing user","getUser should retrieve an existing user",""
"passed","Fri Oct 31 20:53:34 GMT 2025","Fri Oct 31 20:53:34 GMT 2025","56","","com.distributedMessenger.integration.services.UserServiceIntegrationTest","","com.distributedMessenger.integration.services.UserServiceIntegrationTest","updateUserRole should change role in the database","updateUserRole should change role in the database",""
"passed","Fri Oct 31 20:53:20 GMT 2025","Fri Oct 31 20:53:29 GMT 2025","8915","","com.distributedMessenger.unit.services.AppSettingsServiceUnitTest","","com.distributedMessenger.unit.services.AppSettingsServiceUnitTest","updateSetting should return false on failed update","updateSetting should return false on failed update",""
"passed","Fri Oct 31 20:53:12 GMT 2025","Fri Oct 31 20:53:12 GMT 2025","37","","com.distributedMessenger.unit.repositories.UserRepositoryUnitTest","","com.distributedMessenger.unit.repositories.UserRepositoryUnitTest","getUser with non-existent id should return null","getUser with non-existent id should return null",""
"passed","Fri Oct 31 20:53:11 GMT 2025","Fri Oct 31 20:53:11 GMT 2025","77","","com.distributedMessenger.integration.repositories.UserRepositoryIntegrationTest","","com.distributedMessenger.integration.repositories.UserRepositoryIntegrationTest","getAllUsers should return all added users","getAllUsers should return all added users",""
"passed","Fri Oct 31 20:53:11 GMT 2025","Fri Oct 31 20:53:11 GMT 2025","112","","com.distributedMessenger.unit.repositories.ChatRepositoryUnitTest","","com.distributedMessenger.unit.repositories.ChatRepositoryUnitTest","addChat should correctly save a chat","addChat should correctly save a chat",""
"passed","Fri Oct 31 20:53:11 GMT 2025","Fri Oct 31 20:53:12 GMT 2025","88","","com.distributedMessenger.unit.repositories.MessageHistoryRepositoryUnitTest","","com.distributedMessenger.unit.repositories.MessageHistoryRepositoryUnitTest","getHistoryForMessage for a message with no history should return an empty list","getHistoryForMessage for a message with no history should return an empty list",""
"passed","Fri Oct 31 20:53:11 GMT 2025","Fri Oct 31 20:53:11 GMT 2025","116","","com.distributedMessenger.unit.repositories.UserRepositoryUnitTest","","com.distributedMessenger.unit.repositories.UserRepositoryUnitTest","findByUsername should return correct user when exists","findByUsername should return correct user when exists",""
"passed","Fri Oct 31 20:53:37 GMT 2025","Fri Oct 31 20:53:37 GMT 2025","19","","com.distributedMessenger.unit.services.FileServiceUnitTest","","com.distributedMessenger.unit.services.FileServiceUnitTest","deleteFile should return true on successful deletion","deleteFile should return true on successful deletion",""
"passed","Fri Oct 31 20:53:32 GMT 2025","Fri Oct 31 20:53:33 GMT 2025","1031","","com.distributedMessenger.integration.services.UserServiceIntegrationTest","","com.distributedMessenger.integration.services.UserServiceIntegrationTest","login should return Success for existing username","login should return Success for existing username",""
"passed","Fri Oct 31 20:53:36 GMT 2025","Fri Oct 31 20:53:37 GMT 2025","344","","com.distributedMessenger.unit.services.FileServiceUnitTest","","com.distributedMessenger.unit.services.FileServiceUnitTest","getUserFiles should return a list of files for a user","getUserFiles should return a list of files for a user",""
"passed","Fri Oct 31 20:53:11 GMT 2025","Fri Oct 31 20:53:12 GMT 2025","48","","com.distributedMessenger.integration.repositories.UserRepositoryIntegrationTest","","com.distributedMessenger.integration.repositories.UserRepositoryIntegrationTest","getUser with non-existent id should return null","getUser with non-existent id should return null",""
"passed","Fri Oct 31 20:53:31 GMT 2025","Fri Oct 31 20:53:31 GMT 2025","45","","com.distributedMessenger.unit.services.BlockServiceUnitTest","","com.distributedMessenger.unit.services.BlockServiceUnitTest","unblockUser should return true when successful","unblockUser should return true when successful",""
"passed","Fri Oct 31 20:53:36 GMT 2025","Fri Oct 31 20:53:37 GMT 2025","643","","com.distributedMessenger.unit.services.UserServiceUnitTest","","com.distributedMessenger.unit.services.UserServiceUnitTest","register should call repository and return new user id","register should call repository and return new user id",""
"passed","Fri Oct 31 20:53:32 GMT 2025","Fri Oct 31 20:53:35 GMT 2025","3065","","com.distributedMessenger.unit.services.UserServiceUnitTest","","com.distributedMessenger.unit.services.UserServiceUnitTest","login should return Success for existing username","login should return Success for existing username",""
"passed","Fri Oct 31 20:53:34 GMT 2025","Fri Oct 31 20:53:34 GMT 2025","41","","com.distributedMessenger.integration.services.UserServiceIntegrationTest","","com.distributedMessenger.integration.services.UserServiceIntegrationTest","deleteUser should remove user from the database","deleteUser should remove user from the database",""
"passed","Fri Oct 31 20:53:32 GMT 2025","Fri Oct 31 20:53:32 GMT 2025","30","","com.distributedMessenger.unit.services.BlockServiceUnitTest","","com.distributedMessenger.unit.services.BlockServiceUnitTest","blockUser should throw exception when repository fails","blockUser should throw exception when repository fails",""
"passed","Fri Oct 31 20:56:37 GMT 2025","Fri Oct 31 20:56:45 GMT 2025","7489","","com.distributedMessenger.e2e.bdd.AuthenticationBehaviorSpec","","com.distributedMessenger.e2e.bdd.AuthenticationBehaviorSpec","And: он может успешно войти с новым паролем","And: он может успешно войти с новым паролем",""
"passed","Fri Oct 31 20:53:12 GMT 2025","Fri Oct 31 20:53:12 GMT 2025","75","","com.distributedMessenger.unit.repositories.FileRepositoryUnitTest","","com.distributedMessenger.unit.repositories.FileRepositoryUnitTest","addFile should correctly save a file","addFile should correctly save a file",""
"passed","Fri Oct 31 20:53:03 GMT 2025","Fri Oct 31 20:53:11 GMT 2025","7921","","com.distributedMessenger.unit.repositories.AppSettingsRepositoryUnitTest","","com.distributedMessenger.unit.repositories.AppSettingsRepositoryUnitTest","updateSetting with invalid value should throw IllegalArgumentException","updateSetting with invalid value should throw IllegalArgumentException",""
"passed","Fri Oct 31 20:56:32 GMT 2025","Fri Oct 31 20:56:37 GMT 2025","4757","","com.distributedMessenger.e2e.bdd.AuthenticationBehaviorSpec","","com.distributedMessenger.e2e.bdd.AuthenticationBehaviorSpec","Then: операция смены пароля должна быть успешной","Then: операция смены пароля должна быть успешной",""
